{
    "random_state": 9472,
    "steps_per_cycle": 8,
    "cycles": 10,
    "max_combos": 3,
    "save_on_improvement": true,
    "device": "cuda",
    "objective": "regression",
    "min_comparisons_threshold": 4,
    "num_class": 5,
    "verbosity": 1,
    "top1": {
        "best_score": 0.44044987837682026,
        "training_time": 60.372265338897705,
        "learning_rate": 0.02090329855641432,
        "n_estimators": 1226,
        "num_leaves": 870,
        "max_depth": 75,
        "min_child_samples": 96,
        "reg_alpha": 2.786216612681556,
        "reg_lambda": 10.569810254133984,
        "subsample": 0.6994377242471418,
        "colsample_bytree": 0.7398948676979545,
        "min_split_gain": 0.04474687385955929,
        "early_stopping_rounds": 168,
        "test_size": 0.15694778931905398
    },
    "top2": {
        "best_score": 0.4202630565965173,
        "training_time": 35.621925354003906,
        "learning_rate": 0.02090329855641432,
        "n_estimators": 1226,
        "num_leaves": 870,
        "max_depth": 75,
        "min_child_samples": 96,
        "reg_alpha": 2.786216612681556,
        "reg_lambda": 10.569810254133984,
        "subsample": 0.2432593975358442,
        "colsample_bytree": 0.5448316753048574,
        "min_split_gain": 0.17668371940525968,
        "early_stopping_rounds": 168,
        "test_size": 0.15694778931905398
    },
    "top3": {
        "best_score": -1000000.0,
        "training_time": 0.0,
        "learning_rate": 0.02090329855641432,
        "n_estimators": 1226,
        "num_leaves": 870,
        "max_depth": 75,
        "min_child_samples": 96,
        "reg_alpha": 2.786216612681556,
        "reg_lambda": 10.569810254133984,
        "subsample": 0.6994377242471418,
        "colsample_bytree": 0.7398948676979545,
        "min_split_gain": 0.04474687385955929,
        "early_stopping_rounds": 168,
        "test_size": 0.15694778931905398
    },
    "top4": {
        "best_score": -1000000.0,
        "training_time": 0.0,
        "learning_rate": 0.02090329855641432,
        "n_estimators": 1226,
        "num_leaves": 870,
        "max_depth": 75,
        "min_child_samples": 96,
        "reg_alpha": 2.786216612681556,
        "reg_lambda": 10.569810254133984,
        "subsample": 0.2432593975358442,
        "colsample_bytree": 0.5448316753048574,
        "min_split_gain": 0.04474687385955929,
        "early_stopping_rounds": 168,
        "test_size": 0.15694778931905398
    },
    "used_keys": [],
    "test": 1
}