{
    "random_state": 34,
    "max_iters": 100,
    "max_combos": 4,
    "save_on_improvement": true,
    "device": "cuda",
    "objective": "regression",
    "num_class": 5,
    "verbosity": 1,
    "top": {
        "best_score": 0.40731599962947485,
        "training_time": 30.522888898849487,
        "learning_rate": 0.03736791661874879,
        "n_estimators": 900,
        "num_leaves": 752,
        "max_depth": 120,
        "min_child_samples": 282,
        "reg_alpha": 2.319093857426342,
        "reg_lambda": 1.5739268196259972,
        "subsample": 0.8910000000000001,
        "colsample_bytree": 0.47336067857796327,
        "min_split_gain": 0.38012251900035693,
        "early_stopping_rounds": 82,
        "test_size": 0.11905637996408591
    },
    "fastest": {
        "best_score": 0.3511945294560376,
        "training_time": 6.614543199539185,
        "learning_rate": 0.1940598000000001,
        "n_estimators": 170,
        "num_leaves": 29,
        "max_depth": 5,
        "min_child_samples": 17,
        "reg_alpha": 1.1691702000000004,
        "reg_lambda": 2.635380000000001,
        "subsample": 0.44562922173000014,
        "colsample_bytree": 0.7623000000000001,
        "min_split_gain": 0.04851495000000002,
        "early_stopping_rounds": 10,
        "test_size": 0.12990780000000002
    },
    "slowest": {
        "best_score": 0.19119243939826558,
        "training_time": 22.820401668548584,
        "learning_rate": 0.011000000000000001,
        "n_estimators": 90,
        "num_leaves": 89,
        "max_depth": 11,
        "min_child_samples": 5,
        "reg_alpha": 0.1,
        "reg_lambda": 0.09000000000000001,
        "subsample": 0.855,
        "colsample_bytree": 1.0,
        "min_split_gain": 0.011000000000000001,
        "early_stopping_rounds": 40,
        "test_size": 0.19800000000000004
    }
}