{
    "random_state": 9472,
    "steps_per_cycle": 8,
    "cycles": 10,
    "max_combos": 3,
    "save_on_improvement": true,
    "device": "cuda",
    "objective": "regression",
    "num_class": 5,
    "verbosity": 1,
    "top1": {
        "best_score": 0.43282403313924633,
        "training_time": 13.393788576126099,
        "learning_rate": 0.11888480679116119,
        "n_estimators": 1888,
        "num_leaves": 722,
        "max_depth": 3,
        "min_child_samples": 206,
        "reg_alpha": 2.3745408482280492,
        "reg_lambda": 12.226790322648267,
        "subsample": 0.8527931128575847,
        "colsample_bytree": 0.6098650519334984,
        "min_split_gain": 0.0630620999436129,
        "early_stopping_rounds": 111,
        "test_size": 0.11210618296606083
    },
    "top2": {
        "best_score": 0.4312416305578344,
        "training_time": 15.057411909103394,
        "learning_rate": 0.11769595872324959,
        "n_estimators": 592,
        "num_leaves": 1001,
        "max_depth": 3,
        "min_child_samples": 206,
        "reg_alpha": 3.2246851025319185,
        "reg_lambda": 12.226790322648267,
        "subsample": 0.25101440971067324,
        "colsample_bytree": 0.6098650519334984,
        "min_split_gain": 0.07785444437483073,
        "early_stopping_rounds": 111,
        "test_size": 0.11210618296606083
    },
    "top3": {
        "best_score": 0.4296470135260998,
        "training_time": 18.32019877433777,
        "learning_rate": 0.11769595872324959,
        "n_estimators": 651,
        "num_leaves": 722,
        "max_depth": 3,
        "min_child_samples": 206,
        "reg_alpha": 2.3745408482280492,
        "reg_lambda": 12.226790322648267,
        "subsample": 0.8527931128575847,
        "colsample_bytree": 0.6098650519334984,
        "min_split_gain": 0.0630620999436129,
        "early_stopping_rounds": 122,
        "test_size": 0.11210618296606083
    },
    "top4": {
        "best_score": 0.43029909212941597,
        "training_time": 18.50618028640747,
        "learning_rate": 0.10592636285092463,
        "n_estimators": 651,
        "num_leaves": 1001,
        "max_depth": 3,
        "min_child_samples": 206,
        "reg_alpha": 2.3745408482280492,
        "reg_lambda": 12.226790322648267,
        "subsample": 0.8527931128575847,
        "colsample_bytree": 0.6098650519334984,
        "min_split_gain": 0.07785444437483073,
        "early_stopping_rounds": 111,
        "test_size": 0.11210618296606083
    },
    "used_keys": [
        "reg_alpha",
        "colsample_bytree",
        "max_depth",
        "num_leaves",
        "reg_lambda",
        "subsample",
        "test_size"
    ],
    "test": 1
}