{
    "random_state": 947272,
    "max_iters": 100,
    "max_combos": 4,
    "save_on_improvement": true,
    "device": "cuda",
    "objective": "regression",
    "num_class": 5,
    "verbosity": 1,
    "top": {
        "best_score": 0.403056299279804,
        "training_time": 22.708736419677734,
        "learning_rate": 0.17947149568081758,
        "n_estimators": 1138,
        "num_leaves": 676,
        "max_depth": 54,
        "min_child_samples": 134,
        "reg_alpha": 2.432674357798492,
        "reg_lambda": 1.5985190138521144,
        "subsample": 0.2885055453754829,
        "colsample_bytree": 0.9184807409800917,
        "min_split_gain": 0.13912251146759846,
        "early_stopping_rounds": 90,
        "test_size": 0.021873053230898696
    },
    "fastest": {
        "best_score": 0.36204184681224405,
        "training_time": 10.161421298980713,
        "learning_rate": 0.1556165536200001,
        "n_estimators": 268,
        "num_leaves": 27,
        "max_depth": 4,
        "min_child_samples": 13,
        "reg_alpha": 1.2860872200000004,
        "reg_lambda": 2.371842000000001,
        "subsample": 0.39705563656143017,
        "colsample_bytree": 0.8385300000000002,
        "min_split_gain": 0.035013724564500026,
        "early_stopping_rounds": 9,
        "test_size": 0.11691702000000002
    },
    "slowest": {
        "best_score": 0.36235318976695363,
        "training_time": 66.35844802856445,
        "learning_rate": 0.031384283767210024,
        "n_estimators": 405,
        "num_leaves": 91,
        "max_depth": 7,
        "min_child_samples": 6,
        "reg_alpha": 0.1,
        "reg_lambda": 0.09702990000000003,
        "subsample": 0.8379855000000002,
        "colsample_bytree": 1.0,
        "min_split_gain": 0.01,
        "early_stopping_rounds": 39,
        "test_size": 0.2156220000000001
    }
}