{
    "random_state": 947,
    "steps_per_cycle": 10,
    "cycles": 3,
    "max_combos": 3,
    "save_on_improvement": true,
    "device": "cuda",
    "objective": "regression",
    "min_comparisons_threshold": 4,
    "num_class": 5,
    "verbosity": 1,
    "top1": {
        "best_score": 0.07545438962120499,
        "training_time": 9.452961683273315,
        "learning_rate": 0.016594731561264762,
        "n_estimators": 1405,
        "num_leaves": 322,
        "max_depth": 117,
        "min_child_samples": 321,
        "reg_alpha": 2.758354446554741,
        "reg_lambda": 10.464112151592644,
        "subsample": 0.863453701010879,
        "colsample_bytree": 0.48059057246966175,
        "min_split_gain": 0.056189357630730824,
        "early_stopping_rounds": 69,
        "test_size": 0.012246956869450655
    },
    "top2": {
        "best_score": 0.2775113258953136,
        "training_time": 49.307366371154785,
        "learning_rate": 0.016594731561264762,
        "n_estimators": 1646,
        "num_leaves": 289,
        "max_depth": 117,
        "min_child_samples": 321,
        "reg_alpha": 2.758354446554741,
        "reg_lambda": 10.464112151592644,
        "subsample": 0.863453701010879,
        "colsample_bytree": 0.5933216944069898,
        "min_split_gain": 0.056189357630730824,
        "early_stopping_rounds": 164,
        "test_size": 0.012246956869450655
    },
    "top3": {
        "best_score": -1000000.0,
        "training_time": 0.0,
        "learning_rate": 0.016594731561264762,
        "n_estimators": 1646,
        "num_leaves": 322,
        "max_depth": 117,
        "min_child_samples": 321,
        "reg_alpha": 2.758354446554741,
        "reg_lambda": 10.464112151592644,
        "subsample": 0.863453701010879,
        "colsample_bytree": 0.48059057246966175,
        "min_split_gain": 0.056189357630730824,
        "early_stopping_rounds": 69,
        "test_size": 0.012246956869450655
    },
    "top4": {
        "best_score": -1000000.0,
        "training_time": 0.0,
        "learning_rate": 0.016594731561264762,
        "n_estimators": 1405,
        "num_leaves": 289,
        "max_depth": 117,
        "min_child_samples": 321,
        "reg_alpha": 2.758354446554741,
        "reg_lambda": 10.464112151592644,
        "subsample": 0.863453701010879,
        "colsample_bytree": 0.48059057246966175,
        "min_split_gain": 0.056189357630730824,
        "early_stopping_rounds": 69,
        "test_size": 0.012246956869450655
    },
    "top5": {
        "best_score": -1000000.0,
        "training_time": 0.0,
        "learning_rate": 0.13528514823178997,
        "n_estimators": 454,
        "num_leaves": 757,
        "max_depth": 86,
        "min_child_samples": 59,
        "reg_alpha": 5.8139324405628905,
        "reg_lambda": 1.093623997710349,
        "subsample": 0.561411333591189,
        "colsample_bytree": 0.6333008901947501,
        "min_split_gain": 0.3646532075089847,
        "early_stopping_rounds": 49,
        "test_size": 0.24271820791023585
    },
    "used_keys": [
        "test_size",
        "min_child_samples",
        "reg_lambda",
        "reg_alpha",
        "learning_rate",
        "min_split_gain",
        "n_estimators",
        "max_depth"
    ],
    "test": 1
}