{
    "random_state": 947,
    "steps_per_cycle": 10,
    "cycles": 3,
    "max_combos": 3,
    "save_on_improvement": true,
    "device": "cuda",
    "objective": "regression",
    "min_comparisons_threshold": 4,
    "num_class": 5,
    "verbosity": 1,
    "top1": {
        "best_score": 0.4402828232016107,
        "training_time": 112.28298544883728,
        "learning_rate": 0.0169316718306956,
        "n_estimators": 1579,
        "num_leaves": 270,
        "max_depth": 94,
        "min_child_samples": 208,
        "reg_alpha": 2.5075949514134006,
        "reg_lambda": 9.512829228720586,
        "subsample": 0.6747743707876503,
        "colsample_bytree": 0.5393833585518089,
        "min_split_gain": 0.05108123420975529,
        "early_stopping_rounds": 69,
        "test_size": 0.01941612642986531
    },
    "top2": {
        "best_score": 0.4282789018863691,
        "training_time": 94.97443842887878,
        "learning_rate": 0.018624839013765163,
        "n_estimators": 1436,
        "num_leaves": 270,
        "max_depth": 117,
        "min_child_samples": 321,
        "reg_alpha": 2.5075949514134006,
        "reg_lambda": 9.512829228720586,
        "subsample": 0.8721754555665444,
        "colsample_bytree": 0.5393833585518089,
        "min_split_gain": 0.05108123420975529,
        "early_stopping_rounds": 69,
        "test_size": 0.012246956869450655
    },
    "top3": {
        "best_score": -1000000.0,
        "training_time": 0.0,
        "learning_rate": 0.0169316718306956,
        "n_estimators": 1579,
        "num_leaves": 270,
        "max_depth": 117,
        "min_child_samples": 321,
        "reg_alpha": 2.5075949514134006,
        "reg_lambda": 9.512829228720586,
        "subsample": 0.6747743707876503,
        "colsample_bytree": 0.5393833585518089,
        "min_split_gain": 0.05108123420975529,
        "early_stopping_rounds": 69,
        "test_size": 0.012246956869450655
    },
    "top4": {
        "best_score": -1000000.0,
        "training_time": 0.0,
        "learning_rate": 0.018624839013765163,
        "n_estimators": 1436,
        "num_leaves": 270,
        "max_depth": 94,
        "min_child_samples": 208,
        "reg_alpha": 2.5075949514134006,
        "reg_lambda": 9.512829228720586,
        "subsample": 0.6747743707876503,
        "colsample_bytree": 0.5393833585518089,
        "min_split_gain": 0.05108123420975529,
        "early_stopping_rounds": 69,
        "test_size": 0.01941612642986531
    },
    "top5": {
        "best_score": -1000000.0,
        "training_time": 0.0,
        "learning_rate": 0.2875312030377819,
        "n_estimators": 342,
        "num_leaves": 285,
        "max_depth": 12,
        "min_child_samples": 112,
        "reg_alpha": 11.906435050311238,
        "reg_lambda": 3.0511858167338923,
        "subsample": 0.2543913744366595,
        "colsample_bytree": 0.36336970828798576,
        "min_split_gain": 0.16919655561519714,
        "early_stopping_rounds": 188,
        "test_size": 0.4901641531150008
    },
    "used_keys": [
        "test_size",
        "early_stopping_rounds"
    ],
    "test": 1
}