{
    "random_state": 947272,
    "max_iters": 100,
    "max_combos": 4,
    "save_on_improvement": true,
    "device": "cuda",
    "objective": "regression",
    "num_class": 5,
    "verbosity": 1,
    "top": {
        "best_score": 0.00027459470353430326,
        "training_time": 1.935441255569458,
        "learning_rate": 0.3479395219015867,
        "n_estimators": 1738,
        "num_leaves": 936,
        "max_depth": 49,
        "min_child_samples": 91,
        "reg_alpha": 5.6054161383111305,
        "reg_lambda": 3.904242430435344,
        "subsample": 0.46758584210268705,
        "colsample_bytree": 0.9238038407068204,
        "min_split_gain": 0.19300454725467525,
        "early_stopping_rounds": 40,
        "test_size": 0.582790946996172
    },
    "fastest": {
        "best_score": 0.0001425890172505051,
        "training_time": 2.1347105503082275,
        "learning_rate": 0.02883606155774054,
        "n_estimators": 234,
        "num_leaves": 29,
        "max_depth": 3,
        "min_child_samples": 13,
        "reg_alpha": 5.791936266922673,
        "reg_lambda": 9.0,
        "subsample": 0.3152149258090248,
        "colsample_bytree": 0.9,
        "min_split_gain": 0.033973781931209826,
        "early_stopping_rounds": 6,
        "test_size": 0.10313133417180004
    },
    "slowest": {
        "best_score": -4.015574076410289e-05,
        "training_time": 2.1268110275268555,
        "learning_rate": 0.0011,
        "n_estimators": 1603,
        "num_leaves": 1024,
        "max_depth": 104,
        "min_child_samples": 4,
        "reg_alpha": 6.115909044841463,
        "reg_lambda": 2.796339683658415,
        "subsample": 0.9900000000000001,
        "colsample_bytree": 0.5729518565100004,
        "min_split_gain": 0.017189438667390013,
        "early_stopping_rounds": 7,
        "test_size": 0.5781605097510001
    }
}