{
    "test_size": 0.4,
    "random_state": 35,
    "max_iters": 20,
    "max_combos": 9,
    "save_on_improvement": true,
    "device": "cuda",
    "verbosity": 1,
    "top": {
        "best_score": 0.3870328101057665,
        "training_time": 21.863268852233887,
        "learning_rate": 0.0403707390671591,
        "n_estimators": 1274,
        "num_leaves": 498,
        "max_depth": 12,
        "min_child_samples": 314,
        "reg_alpha": 1.5288921794004653,
        "reg_lambda": 5.009064156445117,
        "subsample": 0.20547032838156074,
        "colsample_bytree": 0.1347357818178288,
        "min_split_gain": 0.014335473824042768,
        "early_stopping_rounds": 72
    },
    "fastest": {
        "best_score": 0.3697010096394814,
        "training_time": 7.711261987686157,
        "learning_rate": 0.11098664421128113,
        "n_estimators": 2000,
        "num_leaves": 828,
        "max_depth": 3,
        "min_child_samples": 58,
        "reg_alpha": 6.842495885918459,
        "reg_lambda": 9.0,
        "subsample": 0.29627025953957464,
        "colsample_bytree": 0.1083359287653048,
        "min_split_gain": 0.2370812675031192,
        "early_stopping_rounds": 200
    },
    "slowest": {
        "best_score": 0.3650474670598045,
        "training_time": 80.16799926757812,
        "learning_rate": 0.018142654163951798,
        "n_estimators": 783,
        "num_leaves": 891,
        "max_depth": 74,
        "min_child_samples": 46,
        "reg_alpha": 0.04365044329041002,
        "reg_lambda": 0.39447162368857014,
        "subsample": 0.15465545010725337,
        "colsample_bytree": 0.19450053968130634,
        "min_split_gain": 0.011000000000000001,
        "early_stopping_rounds": 139
    }
}