{
    "random_state": 34,
    "max_iters": 100,
    "max_combos": 4,
    "save_on_improvement": true,
    "device": "cuda",
    "objective": "regression",
    "num_class": 5,
    "verbosity": 1,
    "top": {
        "best_score": 0.42462801286471896,
        "training_time": 29.71633815765381,
        "learning_rate": 0.041519907354165324,
        "n_estimators": 1969,
        "num_leaves": 752,
        "max_depth": 116,
        "min_child_samples": 257,
        "reg_alpha": 2.319093857426342,
        "reg_lambda": 1.7488075773622191,
        "subsample": 0.9,
        "colsample_bytree": 0.47336067857796327,
        "min_split_gain": 0.34556592636396083,
        "early_stopping_rounds": 75,
        "test_size": 0.11905637996408591
    },
    "fastest": {
        "best_score": 0.3749844806016148,
        "training_time": 8.516634464263916,
        "learning_rate": 0.1940598000000001,
        "n_estimators": 170,
        "num_leaves": 27,
        "max_depth": 5,
        "min_child_samples": 17,
        "reg_alpha": 1.1691702000000004,
        "reg_lambda": 2.395800000000001,
        "subsample": 0.4951435797000001,
        "colsample_bytree": 0.7623000000000001,
        "min_split_gain": 0.04851495000000002,
        "early_stopping_rounds": 10,
        "test_size": 0.12990780000000002
    },
    "slowest": {
        "best_score": 0.18812938501892162,
        "training_time": 22.916805028915405,
        "learning_rate": 0.011000000000000001,
        "n_estimators": 90,
        "num_leaves": 89,
        "max_depth": 11,
        "min_child_samples": 5,
        "reg_alpha": 0.1,
        "reg_lambda": 0.09000000000000001,
        "subsample": 0.855,
        "colsample_bytree": 1.0,
        "min_split_gain": 0.011000000000000001,
        "early_stopping_rounds": 40,
        "test_size": 0.19800000000000004
    }
}