{
    "random_state": 54,
    "max_iters": 5,
    "max_combos": 4,
    "save_on_improvement": true,
    "device": "cuda",
    "objective": "multiclass",
    "num_class": 5,
    "verbosity": 1,
    "top": {
        "best_score": 1.303950851633835,
        "training_time": 36.623226165771484,
        "learning_rate": 0.12335890102074609,
        "n_estimators": 108,
        "num_leaves": 35,
        "max_depth": 70,
        "min_child_samples": 14,
        "reg_alpha": 9.660755356584643,
        "reg_lambda": 2.9546815366245816,
        "subsample": 0.20117718304953192,
        "colsample_bytree": 0.9611134254322796,
        "min_split_gain": 0.059724689808272634,
        "early_stopping_rounds": 12,
        "test_size": 0.16038000000000002
    },
    "fastest": {
        "best_score": 1.3349230233656382,
        "training_time": 4.869412660598755,
        "learning_rate": 0.19800000000000004,
        "n_estimators": 99,
        "num_leaves": 35,
        "max_depth": 2,
        "min_child_samples": 14,
        "reg_alpha": 1.3122000000000003,
        "reg_lambda": 1.8,
        "subsample": 0.6237,
        "colsample_bytree": 0.63,
        "min_split_gain": 0.03645000000000001,
        "early_stopping_rounds": 11,
        "test_size": 0.16038000000000002
    },
    "slowest": {
        "best_score": 1.4104251715631135,
        "training_time": 191.69138097763062,
        "learning_rate": 0.011000000000000001,
        "n_estimators": 90,
        "num_leaves": 113,
        "max_depth": 15,
        "min_child_samples": 5,
        "reg_alpha": 0.1,
        "reg_lambda": 0.1,
        "subsample": 0.855,
        "colsample_bytree": 1.0,
        "min_split_gain": 0.011000000000000001,
        "early_stopping_rounds": 45,
        "test_size": 0.19800000000000004
    }
}