{
    "random_state": 9472,
    "steps_per_cycle": 8,
    "cycles": 10,
    "max_combos": 3,
    "save_on_improvement": true,
    "device": "cuda",
    "objective": "regression",
    "num_class": 5,
    "verbosity": 1,
    "top1": {
        "best_score": -1000000.0,
        "training_time": 0.0,
        "learning_rate": 0.45278427091747514,
        "n_estimators": 350,
        "num_leaves": 679,
        "max_depth": 9,
        "min_child_samples": 41,
        "reg_alpha": 0.17716280092563874,
        "reg_lambda": 12.284873523608868,
        "subsample": 0.7395992599572451,
        "colsample_bytree": 0.13862208364263515,
        "min_split_gain": 0.48401440038691956,
        "early_stopping_rounds": 65,
        "test_size": 0.7408725314385785
    },
    "top2": {
        "best_score": -1000000.0,
        "training_time": 0.0,
        "learning_rate": 0.24433847143646106,
        "n_estimators": 931,
        "num_leaves": 16,
        "max_depth": 79,
        "min_child_samples": 73,
        "reg_alpha": 5.673844094021627,
        "reg_lambda": 12.735479312171423,
        "subsample": 0.3113860823595637,
        "colsample_bytree": 0.5799867520257795,
        "min_split_gain": 0.29389190292999656,
        "early_stopping_rounds": 105,
        "test_size": 0.5244601327623445
    },
    "top3": {
        "best_score": -1000000.0,
        "training_time": 99999.0,
        "learning_rate": 0.001,
        "n_estimators": 2000,
        "num_leaves": 1024,
        "max_depth": 120,
        "min_child_samples": 1,
        "reg_alpha": 0.0,
        "reg_lambda": 0.0,
        "subsample": 1.0,
        "colsample_bytree": 1.0,
        "min_split_gain": 0.0,
        "early_stopping_rounds": 200,
        "test_size": 0.999
    },
    "top4": {
        "best_score": -1000000.0,
        "training_time": 99999.0,
        "learning_rate": 0.5,
        "n_estimators": 10,
        "num_leaves": 2,
        "max_depth": 1,
        "min_child_samples": 400,
        "reg_alpha": 20.0,
        "reg_lambda": 20.0,
        "subsample": 0.1,
        "colsample_bytree": 0.1,
        "min_split_gain": 0.5,
        "early_stopping_rounds": 5,
        "test_size": 0.001
    },
    "used_keys": [],
    "test": 1
}