{
    "random_state": 422,
    "max_iters": 100,
    "max_combos": 4,
    "save_on_improvement": true,
    "device": "cuda",
    "objective": "regression",
    "num_class": 5,
    "verbosity": 1,
    "top2": {
        "best_score": 0.4302329433281158,
        "training_time": 37.35068893432617,
        "learning_rate": 0.03699423745256131,
        "n_estimators": 1171,
        "num_leaves": 492,
        "max_depth": 106,
        "min_child_samples": 375,
        "reg_alpha": 1.6906194220638033,
        "reg_lambda": 1.5739268196259972,
        "subsample": 0.9702990000000004,
        "colsample_bytree": 0.38342214964815025,
        "min_split_gain": 0.3725580808722499,
        "early_stopping_rounds": 81,
        "test_size": 0.10607923454800056
    },
    "fastest": {
        "best_score": 0.3938232112432042,
        "training_time": 9.90381932258606,
        "learning_rate": 0.1556165536200001,
        "n_estimators": 222,
        "num_leaves": 34,
        "max_depth": 5,
        "min_child_samples": 13,
        "reg_alpha": 1.2860872200000004,
        "reg_lambda": 2.635380000000001,
        "subsample": 0.39705563656143017,
        "colsample_bytree": 0.8385300000000002,
        "min_split_gain": 0.04322682045000002,
        "early_stopping_rounds": 11,
        "test_size": 0.12990780000000002
    },
    "slowest": {
        "best_score": 0.36924423004039675,
        "training_time": 64.99448299407959,
        "learning_rate": 0.031384283767210024,
        "n_estimators": 257,
        "num_leaves": 102,
        "max_depth": 11,
        "min_child_samples": 5,
        "reg_alpha": 0.1,
        "reg_lambda": 0.08910000000000001,
        "subsample": 0.8379855000000002,
        "colsample_bytree": 1.0,
        "min_split_gain": 0.01,
        "early_stopping_rounds": 39,
        "test_size": 0.2156220000000001
    },
    "top": {
        "best_score": 0.41119447692458033,
        "training_time": 38.3620502948761,
        "learning_rate": 0.07004422700840253,
        "n_estimators": 887,
        "num_leaves": 550,
        "max_depth": 38,
        "min_child_samples": 330,
        "reg_alpha": 2.2121104202660438,
        "reg_lambda": 3.2176075544908977,
        "subsample": 0.722786986324961,
        "colsample_bytree": 0.8838657686809476,
        "min_split_gain": 0.18419200865883345,
        "early_stopping_rounds": 126,
        "test_size": 0.16362707189311965
    }
}