{
    "test_size": 0.4,
    "random_state": 35,
    "max_iters": 20,
    "max_combos": 9,
    "save_on_improvement": true,
    "device": "cuda",
    "objective": "multiclass",
    "verbosity": 1,
    "top": {
        "best_score": 0.22580645161290322,
        "training_time": 1.4892287254333496,
        "learning_rate": 0.006370049059008924,
        "n_estimators": 201,
        "num_leaves": 535,
        "max_depth": 28,
        "min_child_samples": 333,
        "reg_alpha": 3.1821705061338923,
        "reg_lambda": 6.979543712860458,
        "subsample": 0.8720896667139454,
        "colsample_bytree": 0.5075478025511719,
        "min_split_gain": 0.37688625564163836,
        "early_stopping_rounds": 63
    },
    "fastest": {
        "best_score": -4.029479003729996,
        "training_time": 1.7590091228485107,
        "learning_rate": 0.09988797979015301,
        "n_estimators": 1800,
        "num_leaves": 670,
        "max_depth": 4,
        "min_child_samples": 52,
        "reg_alpha": 6.842495885918459,
        "reg_lambda": 9.0,
        "subsample": 0.26397680124976103,
        "colsample_bytree": 0.1191695216418353,
        "min_split_gain": 0.21337314075280728,
        "early_stopping_rounds": 162
    },
    "slowest": {
        "best_score": -4.049456227898303,
        "training_time": 1.829270839691162,
        "learning_rate": 0.018142654163951798,
        "n_estimators": 783,
        "num_leaves": 891,
        "max_depth": 72,
        "min_child_samples": 46,
        "reg_alpha": 0.04321393885750593,
        "reg_lambda": 0.39447162368857014,
        "subsample": 0.13918990509652804,
        "colsample_bytree": 0.17505048571317572,
        "min_split_gain": 0.011000000000000001,
        "early_stopping_rounds": 152
    }
}