{
    "test_size": 0.25,
    "random_state": null,
    "max_iters": 100,
    "max_combos": 3,
    "save_on_improvement": true,
    "device": "cuda",
    "verbosity": 1,
    "output_dir": "step03training/full_data/output",
    "live_graph_path": "step03training/full_data/output/graph_hpo.png",
    "top": {
        "best_score": 0.41315120550230655,
        "training_time": 3.0723304748535156,
        "learning_rate": 0.3929710950000002,
        "n_estimators": 1679,
        "num_leaves": 598,
        "max_depth": 1,
        "min_child_samples": 63,
        "reg_alpha": 7.267806857395636,
        "reg_lambda": 9.848720796845893,
        "subsample": 0.18581870862261807,
        "colsample_bytree": 0.16678895149529865,
        "min_split_gain": 0.20397225241520578,
        "early_stopping_rounds": 160
    },
    "fastest": {
        "best_score": 0.41315120550230655,
        "training_time": 3.0723304748535156,
        "learning_rate": 0.3929710950000002,
        "n_estimators": 1679,
        "max_depth": 1,
        "min_child_samples": 63,
        "reg_alpha": 7.267806857395636,
        "reg_lambda": 9.848720796845893,
        "subsample": 0.18581870862261807,
        "colsample_bytree": 0.16678895149529865,
        "min_split_gain": 0.20397225241520578,
        "early_stopping_rounds": 160
    },
    "slowest": {
        "best_score": 0.3462571330503692,
        "training_time": 363.00054717063904,
        "learning_rate": 0.00221,
        "n_estimators": 1620,
        "num_leaves": 999,
        "max_depth": 58,
        "min_child_samples": 16,
        "reg_alpha": 0.061710000000000015,
        "reg_lambda": 0.5576769000000001,
        "subsample": 0.27819000000000005,
        "colsample_bytree": 0.3771900000000001,
        "min_split_gain": 0.014641000000000003,
        "early_stopping_rounds": 1620
    }
}