{
    "random_state": 947,
    "steps_per_cycle": 10,
    "cycles": 3,
    "max_combos": 3,
    "save_on_improvement": true,
    "device": "cuda",
    "objective": "regression",
    "min_comparisons_threshold": 3,
    "num_class": 5,
    "verbosity": 1,
    "top1": {
        "best_score": 0.3116702128483366,
        "training_time": 35.68944764137268,
        "learning_rate": 0.02048732291514168,
        "n_estimators": 1436,
        "num_leaves": 293,
        "max_depth": 117,
        "min_child_samples": 321,
        "reg_alpha": 2.2568354562720607,
        "reg_lambda": 9.512829228720586,
        "subsample": 0.78495791000989,
        "colsample_bytree": 0.5933216944069898,
        "min_split_gain": 0.056189357630730824,
        "early_stopping_rounds": 69,
        "test_size": 0.06946913027475068
    },
    "top2": {
        "best_score": 0.32098680188336903,
        "training_time": 39.37910985946655,
        "learning_rate": 0.018438590623627512,
        "n_estimators": 1579,
        "num_leaves": 322,
        "max_depth": 117,
        "min_child_samples": 321,
        "reg_alpha": 2.5075949514134006,
        "reg_lambda": 10.464112151592644,
        "subsample": 0.8721754555665444,
        "colsample_bytree": 0.5933216944069898,
        "min_split_gain": 0.056189357630730824,
        "early_stopping_rounds": 75,
        "test_size": 0.012246956869450655
    },
    "top3": {
        "best_score": -1000000.0,
        "training_time": 0.0,
        "learning_rate": 0.02048732291514168,
        "n_estimators": 1579,
        "num_leaves": 322,
        "max_depth": 117,
        "min_child_samples": 321,
        "reg_alpha": 2.2568354562720607,
        "reg_lambda": 9.512829228720586,
        "subsample": 0.8721754555665444,
        "colsample_bytree": 0.5933216944069898,
        "min_split_gain": 0.056189357630730824,
        "early_stopping_rounds": 69,
        "test_size": 0.06946913027475068
    },
    "top4": {
        "best_score": -1000000.0,
        "training_time": 0.0,
        "learning_rate": 0.02048732291514168,
        "n_estimators": 1579,
        "num_leaves": 322,
        "max_depth": 117,
        "min_child_samples": 321,
        "reg_alpha": 2.2568354562720607,
        "reg_lambda": 10.464112151592644,
        "subsample": 0.78495791000989,
        "colsample_bytree": 0.5933216944069898,
        "min_split_gain": 0.056189357630730824,
        "early_stopping_rounds": 75,
        "test_size": 0.06946913027475068
    },
    "top5": {
        "best_score": -1000000.0,
        "training_time": 0.0,
        "learning_rate": 0.37127004920500173,
        "n_estimators": 1767,
        "num_leaves": 436,
        "max_depth": 80,
        "min_child_samples": 322,
        "reg_alpha": 3.6257837888162214,
        "reg_lambda": 1.3479923259512816,
        "subsample": 0.9173898601714304,
        "colsample_bytree": 0.23875030634319802,
        "min_split_gain": 0.0869715227054742,
        "early_stopping_rounds": 27,
        "test_size": 0.13192337253274633
    },
    "used_keys": [
        "learning_rate",
        "reg_lambda",
        "colsample_bytree"
    ],
    "test": 1
}