{
    "random_state": 947272,
    "max_iters": 100,
    "max_combos": 4,
    "save_on_improvement": true,
    "device": "cuda",
    "objective": "regression",
    "num_class": 5,
    "verbosity": 1,
    "top": {
        "best_score": -1.0680452191769163e-05,
        "training_time": 1.327702522277832,
        "learning_rate": 0.001,
        "n_estimators": 389,
        "num_leaves": 1024,
        "max_depth": 1,
        "min_child_samples": 10,
        "reg_alpha": 7.865592461253014,
        "reg_lambda": 3.797498335832415,
        "subsample": 0.7541869500000001,
        "colsample_bytree": 0.5314410000000002,
        "min_split_gain": 0.019487171000000008,
        "early_stopping_rounds": 5,
        "test_size": 0.23718420000000012
    },
    "fastest": {
        "best_score": -0.00030012896431608205,
        "training_time": 1.106567621231079,
        "learning_rate": 0.05426013716995967,
        "n_estimators": 290,
        "num_leaves": 27,
        "max_depth": 1,
        "min_child_samples": 13,
        "reg_alpha": 4.439921888804851,
        "reg_lambda": 6.151947304048511,
        "subsample": 0.2894535590532826,
        "colsample_bytree": 1.0,
        "min_split_gain": 0.035013724564500026,
        "early_stopping_rounds": 5,
        "test_size": 0.14146959420000005
    },
    "slowest": {
        "best_score": -0.0005215968897804846,
        "training_time": 2.2185733318328857,
        "learning_rate": 0.001,
        "n_estimators": 1800,
        "num_leaves": 1024,
        "max_depth": 120,
        "min_child_samples": 3,
        "reg_alpha": 4.594972986357222,
        "reg_lambda": 2.5937424601000023,
        "subsample": 0.9,
        "colsample_bytree": 0.5314410000000002,
        "min_split_gain": 0.019487171000000008,
        "early_stopping_rounds": 16,
        "test_size": 0.530909559
    }
}