{
    "random_state": 9472,
    "steps_per_cycle": 8,
    "cycles": 10,
    "max_combos": 3,
    "save_on_improvement": true,
    "device": "cuda",
    "objective": "regression",
    "min_comparisons_threshold": 4,
    "num_class": 5,
    "verbosity": 1,
    "top1": {
        "best_score": 0.4341920587580823,
        "training_time": 48.031170129776,
        "learning_rate": 0.02090329855641432,
        "n_estimators": 1226,
        "num_leaves": 870,
        "max_depth": 75,
        "min_child_samples": 96,
        "reg_alpha": 3.064838273949712,
        "reg_lambda": 9.512829228720586,
        "subsample": 0.9543229475945814,
        "colsample_bytree": 0.7398948676979545,
        "min_split_gain": 0.04474687385955929,
        "early_stopping_rounds": 168,
        "test_size": 0.0615768976450264
    },
    "top2": {
        "best_score": 0.43336628563292556,
        "training_time": 47.56062197685242,
        "learning_rate": 0.02090329855641432,
        "n_estimators": 908,
        "num_leaves": 870,
        "max_depth": 75,
        "min_child_samples": 399,
        "reg_alpha": 2.786216612681556,
        "reg_lambda": 9.512829228720586,
        "subsample": 0.8721754555665444,
        "colsample_bytree": 0.5448316753048574,
        "min_split_gain": 0.04474687385955929,
        "early_stopping_rounds": 151,
        "test_size": 0.15694778931905398
    },
    "top3": {
        "best_score": 0.424401631909875,
        "training_time": 66.08363604545593,
        "learning_rate": 0.02090329855641432,
        "n_estimators": 1226,
        "num_leaves": 870,
        "max_depth": 75,
        "min_child_samples": 96,
        "reg_alpha": 3.064838273949712,
        "reg_lambda": 9.512829228720586,
        "subsample": 0.7693814966718561,
        "colsample_bytree": 0.5448316753048574,
        "min_split_gain": 0.04474687385955929,
        "early_stopping_rounds": 168,
        "test_size": 0.15694778931905398
    },
    "top4": {
        "best_score": 0.4356279302552186,
        "training_time": 55.92201566696167,
        "learning_rate": 0.02090329855641432,
        "n_estimators": 1226,
        "num_leaves": 870,
        "max_depth": 75,
        "min_child_samples": 399,
        "reg_alpha": 2.5075949514134006,
        "reg_lambda": 9.512829228720586,
        "subsample": 0.6994377242471418,
        "colsample_bytree": 0.7398948676979545,
        "min_split_gain": 0.04474687385955929,
        "early_stopping_rounds": 168,
        "test_size": 0.15694778931905398
    },
    "used_keys": [
        "colsample_bytree"
    ],
    "test": 1
}