{
    "random_state": 947272,
    "max_iters": 100,
    "max_combos": 4,
    "save_on_improvement": true,
    "device": "cuda",
    "objective": "regression",
    "num_class": 5,
    "verbosity": 1,
    "top": {
        "best_score": 0.012222484120129606,
        "training_time": 2.927456855773926,
        "learning_rate": 0.3516082984843109,
        "n_estimators": 447,
        "num_leaves": 138,
        "max_depth": 12,
        "min_child_samples": 342,
        "reg_alpha": 7.126565852749835,
        "reg_lambda": 2.260184474696618,
        "subsample": 0.2730829935977295,
        "colsample_bytree": 0.11873674416849095,
        "min_split_gain": 0.07380136706491232,
        "early_stopping_rounds": 48,
        "test_size": 0.0030304709746215644
    },
    "fastest": {
        "best_score": -4.96859650416237e-05,
        "training_time": 1.429746150970459,
        "learning_rate": 0.02883606155774054,
        "n_estimators": 234,
        "num_leaves": 29,
        "max_depth": 1,
        "min_child_samples": 13,
        "reg_alpha": 6.435484741025192,
        "reg_lambda": 10.0,
        "subsample": 0.3152149258090248,
        "colsample_bytree": 0.9,
        "min_split_gain": 0.033973781931209826,
        "early_stopping_rounds": 6,
        "test_size": 0.10313133417180004
    },
    "slowest": {
        "best_score": -0.00029773102257069084,
        "training_time": 1.376234769821167,
        "learning_rate": 0.001,
        "n_estimators": 1603,
        "num_leaves": 1024,
        "max_depth": 104,
        "min_child_samples": 4,
        "reg_alpha": 5.054470284992944,
        "reg_lambda": 2.542126985144013,
        "subsample": 0.9900000000000001,
        "colsample_bytree": 0.6366131739000004,
        "min_split_gain": 0.017189438667390013,
        "early_stopping_rounds": 7,
        "test_size": 0.6424005663900001
    }
}