{
    "random_state": 947,
    "steps_per_cycle": 10,
    "cycles": 5,
    "max_combos": 3,
    "save_on_improvement": true,
    "device": "cuda",
    "objective": "regression",
    "min_comparisons_threshold": 4,
    "num_class": 5,
    "verbosity": 1,
    "top1": {
        "best_score": 0.4332120849320952,
        "training_time": 55.76361584663391,
        "learning_rate": 0.018624839013765163,
        "n_estimators": 2000,
        "num_leaves": 270,
        "max_depth": 105,
        "min_child_samples": 321,
        "reg_alpha": 2.786216612681556,
        "reg_lambda": 9.512829228720586,
        "subsample": 0.8721754555665444,
        "colsample_bytree": 0.5448316753048574,
        "min_split_gain": 0.05108123420975529,
        "early_stopping_rounds": 93,
        "test_size": 0.012246956869450655
    },
    "top2": {
        "best_score": 0.4956000653388618,
        "training_time": 47.373749017715454,
        "learning_rate": 0.0169316718306956,
        "n_estimators": 1436,
        "num_leaves": 270,
        "max_depth": 105,
        "min_child_samples": 321,
        "reg_alpha": 2.5075949514134006,
        "reg_lambda": 9.512829228720586,
        "subsample": 0.8721754555665444,
        "colsample_bytree": 0.5448316753048574,
        "min_split_gain": 0.05108123420975529,
        "early_stopping_rounds": 69,
        "test_size": 0.012246956869450655
    },
    "top3": {
        "best_score": 0.4439804610647544,
        "training_time": 49.036099910736084,
        "learning_rate": 0.0169316718306956,
        "n_estimators": 1436,
        "num_leaves": 270,
        "max_depth": 105,
        "min_child_samples": 208,
        "reg_alpha": 2.786216612681556,
        "reg_lambda": 9.512829228720586,
        "subsample": 0.8721754555665444,
        "colsample_bytree": 0.5448316753048574,
        "min_split_gain": 0.05108123420975529,
        "early_stopping_rounds": 102,
        "test_size": 0.012246956869450655
    },
    "top4": {
        "best_score": 0.43480601729854707,
        "training_time": 95.8515887260437,
        "learning_rate": 0.018624839013765163,
        "n_estimators": 1436,
        "num_leaves": 270,
        "max_depth": 105,
        "min_child_samples": 321,
        "reg_alpha": 2.2568354562720607,
        "reg_lambda": 9.512829228720586,
        "subsample": 0.8721754555665444,
        "colsample_bytree": 0.5448316753048574,
        "min_split_gain": 0.05108123420975529,
        "early_stopping_rounds": 93,
        "test_size": 0.012246956869450655
    },
    "top5": {
        "best_score": 0.39873915262119,
        "training_time": 14.098506927490234,
        "learning_rate": 0.05925284473046977,
        "n_estimators": 1770,
        "num_leaves": 190,
        "max_depth": 15,
        "min_child_samples": 20,
        "reg_alpha": 0.612524740414282,
        "reg_lambda": 11.95802828397763,
        "subsample": 0.7315037657061763,
        "colsample_bytree": 0.3320387050017869,
        "min_split_gain": 0.4928201370626702,
        "early_stopping_rounds": 123,
        "test_size": 0.06036420426796146
    },
    "used_keys": [
        "min_child_samples",
        "reg_lambda",
        "subsample",
        "num_leaves",
        "max_depth",
        "min_split_gain",
        "learning_rate",
        "reg_alpha",
        "early_stopping_rounds",
        "n_estimators",
        "test_size"
    ],
    "test": 1
}