{
    "random_state": 947,
    "steps_per_cycle": 5,
    "cycles": 1,
    "max_combos": 3,
    "save_on_improvement": true,
    "device": "cuda",
    "objective": "regression",
    "min_comparisons_threshold": 4,
    "num_class": 5,
    "verbosity": 1,
    "top1": {
        "best_score": 0.45774580524299036,
        "training_time": 93.7939841747284,
        "learning_rate": 0.018624839013765163,
        "n_estimators": 1436,
        "num_leaves": 270,
        "max_depth": 97,
        "min_child_samples": 321,
        "reg_alpha": 2.5075949514134006,
        "reg_lambda": 9.512829228720586,
        "subsample": 0.8721754555665444,
        "colsample_bytree": 0.5393833585518089,
        "min_split_gain": 0.05108123420975529,
        "early_stopping_rounds": 69,
        "test_size": 0.012246956869450655
    },
    "top2": {
        "best_score": 0.4536665277509955,
        "training_time": 110.84563708305359,
        "learning_rate": 0.0169316718306956,
        "n_estimators": 1579,
        "num_leaves": 270,
        "max_depth": 117,
        "min_child_samples": 321,
        "reg_alpha": 2.5075949514134006,
        "reg_lambda": 9.512829228720586,
        "subsample": 0.6747743707876503,
        "colsample_bytree": 0.5393833585518089,
        "min_split_gain": 0.05,
        "early_stopping_rounds": 69,
        "test_size": 0.012246956869450655
    },
    "top3": {
        "best_score": -1000000.0,
        "training_time": 0.0,
        "learning_rate": 0.018624839013765163,
        "n_estimators": 1436,
        "num_leaves": 270,
        "max_depth": 117,
        "min_child_samples": 321,
        "reg_alpha": 2.5075949514134006,
        "reg_lambda": 9.512829228720586,
        "subsample": 0.6747743707876503,
        "colsample_bytree": 0.5393833585518089,
        "min_split_gain": 0.05108123420975529,
        "early_stopping_rounds": 69,
        "test_size": 0.012246956869450655
    },
    "top4": {
        "best_score": -1000000.0,
        "training_time": 0.0,
        "learning_rate": 0.018624839013765163,
        "n_estimators": 1436,
        "num_leaves": 270,
        "max_depth": 117,
        "min_child_samples": 321,
        "reg_alpha": 2.5075949514134006,
        "reg_lambda": 9.512829228720586,
        "subsample": 0.8721754555665444,
        "colsample_bytree": 0.5393833585518089,
        "min_split_gain": 0.05108123420975529,
        "early_stopping_rounds": 69,
        "test_size": 0.012246956869450655
    },
    "top5": {
        "best_score": -1000000.0,
        "training_time": 0.0,
        "learning_rate": 0.10214222876401831,
        "n_estimators": 621,
        "num_leaves": 49,
        "max_depth": 34,
        "min_child_samples": 49,
        "reg_alpha": 5.919484755980986,
        "reg_lambda": 0.7071053768951319,
        "subsample": 0.9276792067408959,
        "colsample_bytree": 0.401226249144115,
        "min_split_gain": 0.33483674895017806,
        "early_stopping_rounds": 30,
        "test_size": 0.7634530092394274
    },
    "used_keys": [
        "test_size",
        "early_stopping_rounds",
        "reg_alpha",
        "subsample"
    ],
    "test": 1
}