{
    "test_size": 0.25,
    "random_state": null,
    "max_iters": 100,
    "max_combos": 3,
    "save_on_improvement": true,
    "device": "cuda",
    "verbosity": 1,
    "output_dir": "step03training/full_data/output",
    "live_graph_path": "step03training/full_data/output/graph_hpo.png",
    "top": {
        "best_score": 0.3871712167045165,
        "training_time": 38.17090320587158,
        "learning_rate": 0.008601467189043123,
        "n_estimators": 1514,
        "num_leaves": 460,
        "max_depth": 82,
        "min_child_samples": 118,
        "reg_alpha": 0.41745974474562975,
        "reg_lambda": 0.5270329936336982,
        "subsample": 0.10863582451440656,
        "colsample_bytree": 0.26840363224256236,
        "min_split_gain": 0.3677379265424302,
        "early_stopping_rounds": 35
    },
    "fastest": {
        "best_score": 0.3330414554886091,
        "training_time": 2.8354837894439697,
        "learning_rate": 0.3247695000000001,
        "n_estimators": 1389,
        "num_leaves": 550,
        "max_depth": 1,
        "min_child_samples": 67,
        "reg_alpha": 6.673835498067617,
        "reg_lambda": 8.221655227352775,
        "subsample": 0.18769566527537176,
        "colsample_bytree": 0.153157898526445,
        "min_split_gain": 0.1702748580141963,
        "early_stopping_rounds": 180
    },
    "slowest": {
        "best_score": 0.22141236919729546,
        "training_time": 292.47750782966614,
        "learning_rate": 0.001,
        "n_estimators": 8200,
        "num_leaves": 1011,
        "max_depth": 99,
        "min_child_samples": 10,
        "reg_alpha": 0.051000000000000004,
        "reg_lambda": 0.5121,
        "subsample": 0.281,
        "colsample_bytree": 0.381,
        "min_split_gain": 0.012100000000000001,
        "early_stopping_rounds": 1000
    }
}