{
    "random_state": 54,
    "max_iters": 3,
    "max_combos": 4,
    "save_on_improvement": true,
    "device": "cuda",
    "objective": "multiclass",
    "num_class": 5,
    "verbosity": 1,
    "top": {
        "best_score": 1.2944458751979593,
        "training_time": 116.4829490184784,
        "learning_rate": 0.012656885765438643,
        "n_estimators": 702,
        "num_leaves": 111,
        "max_depth": 33,
        "min_child_samples": 262,
        "reg_alpha": 0.8193812861549465,
        "reg_lambda": 0.5906944110175749,
        "subsample": 0.7313698143794513,
        "colsample_bytree": 0.44444806785512747,
        "min_split_gain": 0.07194223877004263,
        "early_stopping_rounds": 142,
        "test_size": 0.07516808759952481
    },
    "fastest": {
        "best_score": 1.3485102021027617,
        "training_time": 4.232959985733032,
        "learning_rate": 0.21780000000000005,
        "n_estimators": 99,
        "num_leaves": 31,
        "max_depth": 2,
        "min_child_samples": 15,
        "reg_alpha": 1.3122000000000003,
        "reg_lambda": 1.8,
        "subsample": 0.6174630000000001,
        "colsample_bytree": 0.7623000000000001,
        "min_split_gain": 0.04009500000000001,
        "early_stopping_rounds": 13,
        "test_size": 0.16038000000000002
    },
    "slowest": {
        "best_score": 1.429453738131964,
        "training_time": 126.695969581604,
        "learning_rate": 0.011000000000000001,
        "n_estimators": 90,
        "num_leaves": 89,
        "max_depth": 11,
        "min_child_samples": 5,
        "reg_alpha": 0.1,
        "reg_lambda": 0.09000000000000001,
        "subsample": 0.855,
        "colsample_bytree": 1.0,
        "min_split_gain": 0.011000000000000001,
        "early_stopping_rounds": 45,
        "test_size": 0.19800000000000004
    }
}