{
    "output_dir": "full_data/training/output/",
    "live_graph_path": "full_data/training/output/graph_hpo.png",
    "test_size": 0.15,
    "random_state": 42,
    "max_iters": 100,
    "max_combos": 3,
    "save_on_improvement": true,
    "device": "cuda",
    "verbosity": 1,
    "top": {
        "best_score": 0.44290144220743255,
        "training_time": 35.53188920021057,
        "learning_rate": 0.007819515626402838,
        "n_estimators": 1620,
        "num_leaves": 512,
        "max_depth": 75,
        "min_child_samples": 108,
        "reg_alpha": 0.41745974474562975,
        "reg_lambda": 2.0896545854558024,
        "subsample": 0.8310071099672186,
        "colsample_bytree": 0.43122539092846024,
        "min_split_gain": 0.40859769615825575,
        "early_stopping_rounds": 35
    },
    "fastest": {
        "best_score": 0.41310036429651376,
        "training_time": 1.3548598289489746,
        "learning_rate": 0.5,
        "n_estimators": 789,
        "num_leaves": 2,
        "max_depth": 1,
        "min_child_samples": 79,
        "reg_alpha": 7.642358464381271,
        "reg_lambda": 7.703019404190004,
        "subsample": 0.13310000000000002,
        "colsample_bytree": 0.11859210000000002,
        "min_split_gain": 0.2893696245000001,
        "early_stopping_rounds": 113
    },
    "slowest": {
        "best_score": 0.43115744225487584,
        "training_time": 6.468787908554077,
        "learning_rate": 0.05310957901091145,
        "n_estimators": 1692,
        "num_leaves": 587,
        "max_depth": 69,
        "min_child_samples": 79,
        "reg_alpha": 8.124418185682607,
        "reg_lambda": 0.011000000000000001,
        "subsample": 0.5485581633934234,
        "colsample_bytree": 0.550375267285599,
        "min_split_gain": 0.21641204425309932,
        "early_stopping_rounds": 118
    }
}