{
    "random_state": 947,
    "steps_per_cycle": 10,
    "cycles": 3,
    "max_combos": 3,
    "save_on_improvement": true,
    "device": "cuda",
    "objective": "regression",
    "min_comparisons_threshold": 4,
    "num_class": 5,
    "verbosity": 1,
    "top1": {
        "best_score": 0.44546890432816455,
        "training_time": 109.80665421485901,
        "learning_rate": 0.018624839013765163,
        "n_estimators": 1436,
        "num_leaves": 270,
        "max_depth": 117,
        "min_child_samples": 321,
        "reg_alpha": 2.5075949514134006,
        "reg_lambda": 9.512829228720586,
        "subsample": 0.8721754555665444,
        "colsample_bytree": 0.5393833585518089,
        "min_split_gain": 0.05108123420975529,
        "early_stopping_rounds": 69,
        "test_size": 0.012246956869450655
    },
    "top2": {
        "best_score": 0.43931087286337445,
        "training_time": 147.65931153297424,
        "learning_rate": 0.0169316718306956,
        "n_estimators": 1579,
        "num_leaves": 270,
        "max_depth": 105,
        "min_child_samples": 208,
        "reg_alpha": 2.786216612681556,
        "reg_lambda": 9.41770093643338,
        "subsample": 0.8721754555665444,
        "colsample_bytree": 0.5393833585518089,
        "min_split_gain": 0.05108123420975529,
        "early_stopping_rounds": 69,
        "test_size": 0.012246956869450655
    },
    "top3": {
        "best_score": -1000000.0,
        "training_time": 0.0,
        "learning_rate": 0.0169316718306956,
        "n_estimators": 1579,
        "num_leaves": 270,
        "max_depth": 94,
        "min_child_samples": 208,
        "reg_alpha": 2.5075949514134006,
        "reg_lambda": 9.512829228720586,
        "subsample": 0.8721754555665444,
        "colsample_bytree": 0.5393833585518089,
        "min_split_gain": 0.05108123420975529,
        "early_stopping_rounds": 69,
        "test_size": 0.012246956869450655
    },
    "top4": {
        "best_score": -1000000.0,
        "training_time": 0.0,
        "learning_rate": 0.0169316718306956,
        "n_estimators": 1436,
        "num_leaves": 270,
        "max_depth": 105,
        "min_child_samples": 208,
        "reg_alpha": 2.786216612681556,
        "reg_lambda": 9.512829228720586,
        "subsample": 0.8721754555665444,
        "colsample_bytree": 0.5393833585518089,
        "min_split_gain": 0.05108123420975529,
        "early_stopping_rounds": 69,
        "test_size": 0.012246956869450655
    },
    "top5": {
        "best_score": -1000000.0,
        "training_time": 0.0,
        "learning_rate": 0.12179148832862682,
        "n_estimators": 650,
        "num_leaves": 688,
        "max_depth": 98,
        "min_child_samples": 15,
        "reg_alpha": 14.823927243505942,
        "reg_lambda": 5.880001932361774,
        "subsample": 0.3879812562487488,
        "colsample_bytree": 0.29338858757990277,
        "min_split_gain": 0.42722344734651085,
        "early_stopping_rounds": 14,
        "test_size": 0.4516548394678396
    },
    "used_keys": [
        "num_leaves",
        "subsample",
        "reg_alpha",
        "early_stopping_rounds",
        "test_size",
        "colsample_bytree",
        "learning_rate",
        "reg_lambda",
        "min_child_samples",
        "n_estimators",
        "min_split_gain"
    ],
    "test": 1
}