{
    "random_state": 947272,
    "max_iters": 100,
    "max_combos": 4,
    "save_on_improvement": true,
    "device": "cuda",
    "objective": "regression",
    "num_class": 5,
    "verbosity": 1,
    "top": {
        "best_score": 4.0079968032347146e-05,
        "training_time": 0.7866179943084717,
        "learning_rate": 0.05371753579826009,
        "n_estimators": 210,
        "num_leaves": 29,
        "max_depth": 1,
        "min_child_samples": 14,
        "reg_alpha": 2.8839024237324145,
        "reg_lambda": 3.236703056938737,
        "subsample": 0.3152149258090248,
        "colsample_bytree": 1.0,
        "min_split_gain": 0.031197228586969532,
        "early_stopping_rounds": 6,
        "test_size": 0.12732263478000005
    },
    "fastest": {
        "best_score": -9.732910292159502e-06,
        "training_time": 0.8328773975372314,
        "learning_rate": 0.035600075997210545,
        "n_estimators": 234,
        "num_leaves": 29,
        "max_depth": 1,
        "min_child_samples": 13,
        "reg_alpha": 4.835074936908483,
        "reg_lambda": 9.90777265264317,
        "subsample": 0.3183989149586109,
        "colsample_bytree": 0.9,
        "min_split_gain": 0.031197228586969532,
        "early_stopping_rounds": 5,
        "test_size": 0.12732263478000005
    },
    "slowest": {
        "best_score": -0.00021264117898511792,
        "training_time": 0.976189136505127,
        "learning_rate": 0.001,
        "n_estimators": 1782,
        "num_leaves": 1024,
        "max_depth": 108,
        "min_child_samples": 4,
        "reg_alpha": 4.594972986357222,
        "reg_lambda": 2.3110245319491027,
        "subsample": 0.9900000000000001,
        "colsample_bytree": 0.6366131739000004,
        "min_split_gain": 0.01562676242490001,
        "early_stopping_rounds": 7,
        "test_size": 0.6424005663900001
    }
}