{
    "random_state": 9472,
    "steps_per_cycle": 8,
    "cycles": 10,
    "max_combos": 3,
    "save_on_improvement": true,
    "device": "cuda",
    "objective": "regression",
    "num_class": 5,
    "verbosity": 1,
    "top1": {
        "best_score": 0.3495592225329348,
        "training_time": 40.994444608688354,
        "learning_rate": 0.019805699553250775,
        "n_estimators": 819,
        "num_leaves": 288,
        "max_depth": 24,
        "min_child_samples": 211,
        "reg_alpha": 2.185405945922547,
        "reg_lambda": 3.433905902436456,
        "subsample": 0.4763532291233962,
        "colsample_bytree": 0.81,
        "min_split_gain": 0.04630223871654792,
        "early_stopping_rounds": 97,
        "test_size": 0.21890568492397827
    },
    "top2": {
        "best_score": 0.34979394814280973,
        "training_time": 43.3089644908905,
        "learning_rate": 0.019805699553250775,
        "n_estimators": 819,
        "num_leaves": 288,
        "max_depth": 31,
        "min_child_samples": 211,
        "reg_alpha": 2.185405945922547,
        "reg_lambda": 3.433905902436456,
        "subsample": 0.4763532291233962,
        "colsample_bytree": 0.81,
        "min_split_gain": 0.04630223871654792,
        "early_stopping_rounds": 97,
        "test_size": 0.21890568492397827
    },
    "top3": {
        "best_score": -1000000.0,
        "training_time": 0.0,
        "learning_rate": 0.019805699553250775,
        "n_estimators": 819,
        "num_leaves": 288,
        "max_depth": 24,
        "min_child_samples": 211,
        "reg_alpha": 2.185405945922547,
        "reg_lambda": 3.433905902436456,
        "subsample": 0.4763532291233962,
        "colsample_bytree": 0.81,
        "min_split_gain": 0.04630223871654792,
        "early_stopping_rounds": 97,
        "test_size": 0.21890568492397827
    },
    "top4": {
        "best_score": -1000000.0,
        "training_time": 0.0,
        "learning_rate": 0.019805699553250775,
        "n_estimators": 819,
        "num_leaves": 288,
        "max_depth": 24,
        "min_child_samples": 211,
        "reg_alpha": 2.185405945922547,
        "reg_lambda": 3.433905902436456,
        "subsample": 0.4763532291233962,
        "colsample_bytree": 0.81,
        "min_split_gain": 0.04630223871654792,
        "early_stopping_rounds": 97,
        "test_size": 0.21890568492397827
    },
    "used_keys": [
        "subsample",
        "min_child_samples",
        "colsample_bytree",
        "test_size",
        "max_depth",
        "early_stopping_rounds",
        "reg_lambda",
        "reg_alpha",
        "learning_rate",
        "n_estimators",
        "min_split_gain"
    ]
}