{
    "test_size": 0.3,
    "random_state": 33,
    "max_iters": 100,
    "max_combos": 9,
    "save_on_improvement": true,
    "device": "cuda",
    "verbosity": 1,
    "top": {
        "best_score": 0.41066288305474086,
        "training_time": 5.65791654586792,
        "learning_rate": 0.16916117087529509,
        "n_estimators": 1800,
        "num_leaves": 828,
        "max_depth": 2,
        "min_child_samples": 60,
        "reg_alpha": 6.2832836417984,
        "reg_lambda": 9.9,
        "subsample": 0.29627025953957464,
        "colsample_bytree": 0.14860895578231112,
        "min_split_gain": 0.1799218841329289,
        "early_stopping_rounds": 173
    },
    "fastest": {
        "best_score": 0.40894276654231765,
        "training_time": 6.246801376342773,
        "learning_rate": 0.1522450537877656,
        "n_estimators": 2000,
        "num_leaves": 828,
        "max_depth": 2,
        "min_child_samples": 60,
        "reg_alpha": 6.2832836417984,
        "reg_lambda": 9.9,
        "subsample": 0.26933659958143147,
        "colsample_bytree": 0.13374806020408,
        "min_split_gain": 0.16356534921175353,
        "early_stopping_rounds": 155
    },
    "slowest": {
        "best_score": 0.4122219069992594,
        "training_time": 307.36808943748474,
        "learning_rate": 0.005169737100000003,
        "n_estimators": 1980,
        "num_leaves": 921,
        "max_depth": 97,
        "min_child_samples": 26,
        "reg_alpha": 0.061710000000000015,
        "reg_lambda": 0.4024809954990001,
        "subsample": 0.24293473092900017,
        "colsample_bytree": 0.30552390000000007,
        "min_split_gain": 0.011740617900000003,
        "early_stopping_rounds": 178
    }
}