{
    "test_size": 0.3,
    "random_state": 33,
    "max_iters": 100,
    "max_combos": 9,
    "save_on_improvement": true,
    "device": "cuda",
    "verbosity": 1,
    "top": {
        "best_score": 0.3976116075635999,
        "training_time": 6.568284749984741,
        "learning_rate": 0.16916117087529509,
        "n_estimators": 1980,
        "num_leaves": 819,
        "max_depth": 2,
        "min_child_samples": 54,
        "reg_alpha": 6.2832836417984,
        "reg_lambda": 9.9,
        "subsample": 0.32589728549353214,
        "colsample_bytree": 0.147122866224488,
        "min_split_gain": 0.1457367261476724,
        "early_stopping_rounds": 155
    },
    "fastest": {
        "best_score": 0.3894400661672286,
        "training_time": 5.139952659606934,
        "learning_rate": 0.1522450537877656,
        "n_estimators": 2000,
        "num_leaves": 828,
        "max_depth": 2,
        "min_child_samples": 66,
        "reg_alpha": 6.2832836417984,
        "reg_lambda": 9.9,
        "subsample": 0.26933659958143147,
        "colsample_bytree": 0.13374806020408,
        "min_split_gain": 0.16356534921175353,
        "early_stopping_rounds": 170
    },
    "slowest": {
        "best_score": 0.4122219069992594,
        "training_time": 307.36808943748474,
        "learning_rate": 0.005169737100000003,
        "n_estimators": 1980,
        "num_leaves": 921,
        "max_depth": 97,
        "min_child_samples": 26,
        "reg_alpha": 0.061710000000000015,
        "reg_lambda": 0.4024809954990001,
        "subsample": 0.24293473092900017,
        "colsample_bytree": 0.30552390000000007,
        "min_split_gain": 0.011740617900000003,
        "early_stopping_rounds": 178
    }
}