{
    "random_state": 42,
    "max_iters": 100,
    "max_combos": 4,
    "save_on_improvement": true,
    "device": "cuda",
    "objective": "regression",
    "num_class": 5,
    "verbosity": 1,
    "top": {
        "best_score": 0.42307545767903176,
        "training_time": 37.24578619003296,
        "learning_rate": 0.03699423745256131,
        "n_estimators": 1197,
        "num_leaves": 492,
        "max_depth": 106,
        "min_child_samples": 310,
        "reg_alpha": 1.878466024515337,
        "reg_lambda": 1.5739268196259972,
        "subsample": 0.8910000000000001,
        "colsample_bytree": 0.38342214964815025,
        "min_split_gain": 0.33868916442931807,
        "early_stopping_rounds": 90,
        "test_size": 0.10607923454800056
    },
    "fastest": {
        "best_score": 0.39227956061658065,
        "training_time": 12.07436990737915,
        "learning_rate": 0.1556165536200001,
        "n_estimators": 225,
        "num_leaves": 34,
        "max_depth": 5,
        "min_child_samples": 15,
        "reg_alpha": 1.1691702000000004,
        "reg_lambda": 2.635380000000001,
        "subsample": 0.39705563656143017,
        "colsample_bytree": 0.8385300000000002,
        "min_split_gain": 0.04322682045000002,
        "early_stopping_rounds": 11,
        "test_size": 0.12990780000000002
    },
    "slowest": {
        "best_score": 0.3511408692131769,
        "training_time": 61.31051993370056,
        "learning_rate": 0.021435888100000012,
        "n_estimators": 234,
        "num_leaves": 85,
        "max_depth": 12,
        "min_child_samples": 5,
        "reg_alpha": 0.1,
        "reg_lambda": 0.09900000000000002,
        "subsample": 0.7695,
        "colsample_bytree": 1.0,
        "min_split_gain": 0.011000000000000001,
        "early_stopping_rounds": 39,
        "test_size": 0.2156220000000001
    }
}