{
    "random_state": 42,
    "max_iters": 100,
    "max_combos": 4,
    "save_on_improvement": true,
    "device": "cuda",
    "objective": "regression",
    "num_class": 5,
    "verbosity": 1,
    "top": {
        "best_score": 0.4192239809830295,
        "training_time": 35.326069593429565,
        "learning_rate": 0.03699423745256131,
        "n_estimators": 1302,
        "num_leaves": 492,
        "max_depth": 106,
        "min_child_samples": 310,
        "reg_alpha": 1.6906194220638033,
        "reg_lambda": 1.5739268196259972,
        "subsample": 0.8820900000000003,
        "colsample_bytree": 0.38342214964815025,
        "min_split_gain": 0.3725580808722499,
        "early_stopping_rounds": 90,
        "test_size": 0.10607923454800056
    },
    "fastest": {
        "best_score": 0.39227956061658065,
        "training_time": 12.07436990737915,
        "learning_rate": 0.1556165536200001,
        "n_estimators": 225,
        "num_leaves": 34,
        "max_depth": 5,
        "min_child_samples": 15,
        "reg_alpha": 1.1691702000000004,
        "reg_lambda": 2.635380000000001,
        "subsample": 0.39705563656143017,
        "colsample_bytree": 0.8385300000000002,
        "min_split_gain": 0.04322682045000002,
        "early_stopping_rounds": 11,
        "test_size": 0.12990780000000002
    },
    "slowest": {
        "best_score": 0.35916832446613356,
        "training_time": 57.103612661361694,
        "learning_rate": 0.02853116706110002,
        "n_estimators": 234,
        "num_leaves": 85,
        "max_depth": 11,
        "min_child_samples": 6,
        "reg_alpha": 0.1,
        "reg_lambda": 0.09900000000000002,
        "subsample": 0.7695,
        "colsample_bytree": 1.0,
        "min_split_gain": 0.01,
        "early_stopping_rounds": 39,
        "test_size": 0.2156220000000001
    }
}